,LE,ET,LE/ET
2001-01-08,20.492737925252523,,
2001-01-15,14.19012643678161,,
2001-01-22,,,
2001-01-29,18.118106060606063,,
2001-02-05,,,
2001-02-12,26.28968181818182,,
2001-02-19,23.2160625,,
2001-02-26,23.957340579710145,,
2001-03-05,21.993739583333333,,
2001-03-12,27.052645833333333,,
2001-03-19,22.756260416666667,,
2001-03-26,35.94707638888889,,
2001-04-02,64.89954545454545,,
2001-04-09,55.299125,,
2001-04-16,,,
2001-04-23,55.9571875,,
2001-04-30,53.36059090909091,,
2001-05-07,,,
2001-05-14,88.47322916666667,,
2001-05-21,99.37,,
2001-05-28,,,
2001-06-04,60.030413043478255,,
2001-06-11,50.118526315789474,,
2001-06-18,70.62621666666666,102.79186652588693,0.6870798152972568
2001-06-25,65.79297311827956,153.02191450633816,0.42995784839402473
2001-07-02,67.96743333333333,199.907109457239,0.3399950783034651
2001-07-09,97.2374375,92.9914651925255,1.0456598065067997
2001-07-16,75.18944444444445,89.11546303346367,0.8437306151482389
2001-07-23,80.88359139784947,151.7108453738674,0.533143106536152
2001-07-30,69.26445161290322,115.16152356579572,0.6014548042457085
2001-08-06,,,
2001-08-13,100.57984920634921,154.36900555114957,0.6515546877253314
2001-08-20,80.38352515723271,142.29170452753303,0.5649206707034614
2001-08-27,62.660722222222226,48.05169332332143,1.3040273482268823
2001-09-03,,,
2001-09-10,,,
2001-09-17,,,
2001-09-24,63.467013888888886,32.373182116359395,1.9604811680473202
2001-10-01,38.159739583333334,51.11740019996317,0.7465117442213117
2001-10-08,36.52044736842105,,
2001-10-15,35.93064444444444,,
2001-10-22,30.196404761904763,,
2001-10-29,21.87939285986111,,
2001-11-05,,,
2001-11-12,35.414766666666665,,
2001-11-19,32.35814583333333,,
2001-11-26,39.01112500000001,,
2001-12-03,17.169282051282053,,
2001-12-10,9.744155555555556,,
2001-12-17,,,
2001-12-24,,,
2001-12-31,17.15834444444444,2.2979679188745363,7.466746730236336
2002-01-07,14.757046296296295,1.0565523825271408,13.967169579419519
2002-01-14,,,
2002-01-21,,,
2002-01-28,23.3859375,21.19948298087301,1.1031371624062574
2002-02-04,,,
2002-02-11,,,
2002-02-18,,,
2002-02-25,,,
2002-03-04,13.407619047619047,9.37116259574382,1.4307316632952776
2002-03-11,33.388666666666666,50.088622336017075,0.6665918348218969
2002-03-18,24.201666666666668,29.512114859084836,0.8200587041025482
2002-03-25,23.70551515151515,57.3303802358967,0.41348958534679736
2002-04-01,25.615705673758864,,
2002-04-08,27.833717948717947,53.493982741383675,0.5203149311816972
2002-04-15,,,
2002-04-22,48.87068376068376,65.70431744741059,0.7437971454432901
2002-04-29,,,
2002-05-06,39.20801388888889,49.8650223560333,0.7862828900174956
2002-05-13,65.16476436781609,119.72496555007591,0.5442871841175049
2002-05-20,83.50212121212121,51.264042279641316,1.6288633806250337
2002-05-27,61.09371794871795,112.91363798496187,0.5410658892848229
2002-06-03,56.79166666666667,129.09060694733665,0.43993647570218025
2002-06-10,,,
2002-06-17,92.80604166666666,135.6534626242669,0.6841406026156585
2002-06-24,74.96342777777778,95.26945404009395,0.7868569053227656
2002-07-01,,,
2002-07-08,83.52427083333333,125.46998693520591,0.6656912371917771
2002-07-15,72.70275,102.71194055952633,0.7078315296541923
2002-07-22,85.81522222222223,193.6855445036913,0.4430646718737792
2002-07-29,81.39943333333332,206.39737670550244,0.3943821119852598
2002-08-05,78.84189583333334,95.2651775108936,0.8276045654175971
2002-08-12,74.47694326241134,161.6464254182476,0.4607398095547614
2002-08-19,52.49275,43.22818609600117,1.2143176649472196
2002-08-26,71.82015032679739,67.09859472619046,1.0703674290031588
2002-09-02,65.04203225806452,90.70437785236362,0.7170771003350157
2002-09-09,54.94899275362319,79.37495679701813,0.6922711516447395
2002-09-16,38.06685185185185,30.573328441496972,1.2451000199305735
2002-09-23,43.321000000000005,39.870806973774826,1.0865343164108656
2002-09-30,44.573,55.05928993724213,0.809545492700784
2002-10-07,22.416024999999998,21.279430909006454,1.0534128048749878
2002-10-14,,,
2002-10-21,,,
2002-10-28,18.071401515151514,7.965960165400105,2.268577941632708
2002-11-04,36.756541666666664,7.5376525973844934,4.876391050367709
2002-11-11,9.128638888888888,3.188307753224849,2.8631611486236315
2002-11-18,11.811770833333334,6.282786418060517,1.8800210682602838
2002-11-25,18.416903846153847,2.617134783360672,7.03704828778617
2002-12-02,17.485560606060606,1.8705693832223682,9.347720946837486
2002-12-09,3.7944290780141845,2.5164842009175348,1.507829485530129
2002-12-16,12.818433333333331,0.3807316648800386,33.667893993981764
2002-12-23,,,
2002-12-30,11.80452380952381,0.7476898247166733,15.78799579624742
2003-01-06,5.118811111111111,2.2255294088360453,2.3000419993498338
2003-01-13,27.87049275362319,5.918625669817641,4.708946689389449
2003-01-20,37.43472222222223,3.39062349755007,11.040660294270676
2003-01-27,12.494,1.375092577018999,9.085933710067126
2003-02-03,42.653999999999996,0.5529075639182159,77.14490230108196
2003-02-10,8.824453333333333,5.822720993947807,1.515520551732696
2003-02-17,6.608978395061729,22.932183819765875,0.28819664306742865
2003-02-24,11.1379,60.57810849171394,0.18386014811808588
2003-03-03,31.140722222222223,14.020396035084875,2.2211014684817143
2003-03-10,27.37571052631579,32.73199918465515,0.8363592572478614
2003-03-17,20.035894230769234,42.30525599036947,0.4736029545674013
2003-03-24,25.517248148148152,68.35564144079007,0.37330127565624993
2003-03-31,36.32115,36.4637383178851,0.9960895858608342
2003-04-07,19.145310537094016,60.804234342039024,0.314868047336915
2003-04-14,31.256294642857142,127.21731352476664,0.245692145014304
2003-04-21,49.80824305555556,114.6102910760636,0.43458787677713195
2003-04-28,60.306,86.8166650868248,0.6946362192061668
2003-05-05,54.04611111111111,86.53549048905052,0.6245542817827981
2003-05-12,50.163958333333326,53.565550587510074,0.9364966435168147
2003-05-19,,,
2003-05-26,74.76527672955976,151.01849050101072,0.4950736594010611
2003-06-02,89.46203225806451,149.01179157112333,0.6003688118558341
2003-06-09,82.38616666666667,124.66367381529612,0.6608674696105254
2003-06-16,69.60080701754386,109.7705257935108,0.634057334739107
2003-06-23,64.91246052631578,136.17038429976816,0.47670028149010885
2003-06-30,65.3575,49.46988953275113,1.3211571850535588
2003-07-07,73.28448113207547,127.47673478302833,0.5748851447819813
2003-07-14,68.1352,240.00903429514827,0.2838859803761034
2003-07-21,72.77543055555556,119.54753657687682,0.6087572579026439
2003-07-28,75.22501904761906,152.60059206126456,0.49295365130312513
2003-08-04,53.359932692307694,170.32412914331013,0.3132846353637354
2003-08-11,45.90675816993464,126.09515523578605,0.3640644090099523
2003-08-18,38.181850000000004,71.92502692194445,0.5308562489859932
2003-08-25,36.96926666666666,81.31380443348594,0.45464932952322057
2003-09-01,40.21547727272727,84.77335643743582,0.47438816820243485
2003-09-08,59.058952380952384,159.18718483900642,0.3710031837090499
2003-09-15,45.95446,106.99265844756702,0.42951040442200533
2003-09-22,48.00844927536232,105.17413528997305,0.4564663084036716
2003-09-29,43.753156249999996,40.84662692918819,1.0711571441590655
2003-10-06,47.32385714285714,37.24922478769217,1.2704655576750101
2003-10-13,23.453419753086422,42.25661169374591,0.5550236711609698
2003-10-20,31.349113095238092,8.47264656157584,3.7000378650761783
2003-10-27,43.02347916666667,9.66899744940954,4.449631866362112
2003-11-03,21.652566666666665,24.51747344063041,0.8831483684115666
2003-11-10,21.262797297297297,8.919702928561357,2.3838010601466
2003-11-17,,,
2003-11-24,45.84645238095238,5.089225183689754,9.00853287606211
2003-12-01,8.61163425925926,3.557612413994669,2.4206218264202866
2003-12-08,15.445783950617283,6.857256068355466,2.2524729712072067
2003-12-15,27.97589583333333,3.708457812713663,7.543808571159658
2003-12-22,18.33395833333333,2.6380935416478315,6.9496998661697935
2003-12-29,,0.060678405307009436,
2004-01-05,,,
2004-01-12,,,
2004-01-19,15.691558333333333,4.776813478962359,3.2849426510875452
2004-01-26,22.3704375,0.3112087774647777,71.88241180804054
2004-02-02,,,
2004-02-09,10.41125,2.591288868680657,4.0177882619859515
2004-02-16,15.626714285714284,5.6463242660415265,2.7675906571107576
2004-02-23,29.376525000000004,7.954571642793008,3.693036698791404
2004-03-01,17.890535087719297,14.22856985793495,1.2573670626315372
2004-03-08,26.97440277777778,19.901937034258925,1.355365697888824
2004-03-15,26.402255555555556,24.967728122180272,1.057455264906578
2004-03-22,27.279372807017545,21.95587238459302,1.2424636256384944
2004-03-29,30.324305555555554,74.48315266933925,0.4071297262372523
2004-04-05,,,
2004-04-12,43.95193710691824,82.94840886488039,0.5298707679675226
2004-04-19,45.188913978494625,87.11745992751719,0.5187124833080804
2004-04-26,45.20211904761904,91.8451584462474,0.4921557087200595
2004-05-03,12.872261904761904,2.251249269928953,5.717830573763224
2004-05-10,,,
2004-05-17,,,
2004-05-24,64.67449509803922,112.02842246815632,0.5773043453898739
2004-05-31,133.00861904761902,17.636536378657546,7.541651954324568
2004-06-07,78.67211290322581,145.06532380318802,0.5423219749604755
2004-06-14,71.77584444444445,71.9812765405807,0.9971460342743376
2004-06-21,85.35333333333332,,
2004-06-28,81.88270430107526,,
2004-07-05,89.37354166666667,,
2004-07-12,74.23833333333333,,
2004-07-19,94.76568888888889,,
2004-07-26,91.88310984848486,,
2004-08-02,85.03448936170213,,
2004-08-09,81.26190322580645,,
2004-08-16,90.35982291666666,,
2004-08-23,65.90897777777778,,
2004-08-30,76.77255,,
2004-09-06,71.76278378378379,,
2004-09-13,72.39947916666667,,
2004-09-20,85.7128125,,
2004-09-27,39.67389583333333,,
2004-10-04,42.206880952380956,,
2004-10-11,28.64634722222222,,
2004-10-18,34.19235416666667,,
2004-10-25,21.757916666666667,,
2004-11-01,22.39657142857143,,
2004-11-08,32.7474880952381,,
2004-11-15,,,
2004-11-22,22.857979166666667,,
2004-11-29,11.682568181818182,,
2004-12-06,10.861930232558139,,
2004-12-13,20.098265625,,
2004-12-20,9.159,,
2004-12-27,8.5605,,
2005-01-03,23.973057291666667,5.923114641993997,4.0473735088126235
2005-01-10,10.198690476190476,5.254168120159561,1.9410666432730663
2005-01-17,19.43111111111111,2.081397111638706,9.335609722170119
2005-01-24,6.272672043010752,1.2498400393072278,5.0187798804138355
2005-01-31,13.979652173913042,10.477613848258686,1.334240064233363
2005-02-07,14.413158730158731,6.393888241720667,2.254208735791101
2005-02-14,14.138947916666666,4.213266852431979,3.3558159053005134
2005-02-21,15.088971014492754,3.052592978884018,4.943001284111272
2005-02-28,17.73510606060606,4.5465387266435355,3.900792916746787
2005-03-07,51.7311875,2.467542602413852,20.96465829987876
2005-03-14,28.24195299145299,20.216125520489314,1.3970012682612893
2005-03-21,35.8928125,50.73792363185118,0.7074158722070362
2005-03-28,36.02233333333333,78.17554146728949,0.46078776887533207
2005-04-04,57.14684444444445,53.71215520356312,1.0639462190236872
2005-04-11,54.159812499999994,50.13365743949495,1.0803084248414174
2005-04-18,53.836239130434784,61.74356579684959,0.8719327825601827
2005-04-25,51.86071111111111,68.48370909530964,0.7572707698839136
2005-05-02,58.77435714285714,18.572711685550765,3.164554435450723
2005-05-09,62.03341666666667,85.23737695809918,0.7277724735377642
2005-05-16,163.20999999999998,80.6078402561089,2.0247410113141076
2005-05-23,81.44540425531915,146.5871589075825,0.5556107701539349
2005-05-30,86.23695833333333,125.85381984678759,0.6852152635360358
2005-06-06,81.1514393939394,87.37898652327715,0.9287294648619119
2005-06-13,95.95805797101448,184.63634180256398,0.5197138170860465
2005-06-20,77.25500000000001,214.02759352167146,0.36095813034583096
2005-06-27,62.412928571428566,142.98163318109422,0.4365101110041113
2005-07-04,115.08002380952381,116.5686899744445,0.9872292794467619
2005-07-11,85.92551307189542,123.04654041199264,0.6983171796963481
2005-07-18,82.72334722222222,85.43947478359,0.9682099220735207
2005-07-25,,,
2005-08-01,107.24526923076922,57.93125941372197,1.8512504357080561
2005-08-08,93.37816666666664,39.939497225929166,2.337990539501446
2005-08-15,62.890375,84.55294235746418,0.7437987756134917
2005-08-22,65.061408045977,54.57647741767682,1.1921144625743876
2005-08-29,69.59340909090909,113.89475068683886,0.6110326303120042
2005-09-05,64.49115476190475,89.55791747323161,0.7201055649957562
2005-09-12,55.93155,44.028429676992566,1.2703507804010443
2005-09-19,59.67952857142857,77.24874590248749,0.7725630736680584
2005-09-26,40.64204166666667,14.478597800154642,2.8070426589398445
2005-10-03,30.900558333333333,20.103366616654174,1.5370837592811182
2005-10-10,35.248477564102565,49.62267383948181,0.7103300736700215
2005-10-17,30.28355,20.512431993486263,1.476351025057222
2005-10-24,30.651984374999998,40.68382592449753,0.7534194161553297
2005-10-31,27.484933333333334,20.7487285119918,1.3246562707420033
2005-11-07,25.315402777777777,8.026640198109618,3.153922706506752
2005-11-14,23.473772727272728,5.069930231426616,4.629999162861753
2005-11-21,,,
2005-11-28,10.280263157894737,0.5462484249016266,18.81975798785342
2005-12-05,13.5921875,0.16737765122970716,81.20670471917568
2005-12-12,6.508333333333333,,
2005-12-19,,,
2005-12-26,13.034606060606063,2.019743793618107,6.453593818083367
2006-01-02,7.266648936170213,1.3958249282489572,5.205988794945884
2006-01-09,23.193412280701754,2.214566746954271,10.473115029203806
2006-01-16,23.043499999999998,4.908028396008052,4.695062485527273
2006-01-23,9.752578014184397,5.087789568798183,1.9168595482002437
2006-01-30,9.503814465408805,1.605687051440754,5.918846052150202
2006-02-06,25.855229166666668,0.745841715425978,34.665839456163674
2006-02-13,21.734979166666665,5.470160340237008,3.9733714945776057
2006-02-20,11.066808333333332,8.9207712350468,1.2405663189585507
2006-02-27,,,
2006-03-06,63.26116666666667,1.2004710428448844,52.69695345316279
2006-03-13,10.545378787878787,7.922600437719747,1.3310501862080424
2006-03-20,18.044153846153847,23.25158815366632,0.7760396290740527
2006-03-27,,,
2006-04-03,,,
2006-04-10,46.8832196969697,29.448617329813146,1.5920346674309267
2006-04-17,42.90503623188406,40.78940650299875,1.051867136844214
2006-04-24,52.28296376811595,74.40277013177835,0.7027018439705277
2006-05-01,59.52643617021276,134.34796350943958,0.4430765797654261
2006-05-08,52.15270833333333,153.52803697789568,0.33969501180323214
2006-05-15,41.12820833333333,65.69900226253422,0.6260096335859772
2006-05-22,,,
2006-05-29,69.77670833333333,64.68854256730742,1.0786563673270542
2006-06-05,64.28657098765431,154.203226207146,0.4168951102313265
2006-06-12,80.50767708333333,207.92974500856673,0.387186917773676
2006-06-19,70.97252836879433,96.44943546530861,0.7358521905949575
2006-06-26,72.16537152777778,161.56212510297973,0.4466725817191347
2006-07-03,77.86593333333334,185.79052852299986,0.41910604352306347
2006-07-10,80.72484761904761,195.18664302257008,0.41357772421811223
2006-07-17,69.60653448275862,184.41445688874362,0.3774461918934692
2006-07-24,60.550552631578945,165.1727282048731,0.3665892868008735
2006-07-31,,,
2006-08-07,80.686,,
2006-08-14,103.08777777777777,105.56959408519015,0.9764911826277398
2006-08-21,83.10589583333334,43.46601144717245,1.9119742775188437
2006-08-28,57.899791666666665,42.78288883444284,1.353339927341554
2006-09-04,54.85563596491229,68.56325882009813,0.8000733469925486
2006-09-11,56.283814354968555,106.40399051791044,0.5289633789204041
2006-09-18,46.88127659574468,60.55675203072827,0.7741709227066166
2006-09-25,46.72864957264957,42.44608722291015,1.1008941608033054
2006-10-02,36.10771428571429,21.761151844601265,1.6592740376779398
2006-10-09,28.15617479674797,15.11345765472149,1.8629869775664403
2006-10-16,29.78372043010753,26.78975443121664,1.1117578739505796
2006-10-23,29.249,23.087456227646555,1.2668784170763332
2006-10-30,34.64671739130435,9.494322072869373,3.649203926872203
2006-11-06,20.353615942028984,5.054543171683634,4.026796339588753
2006-11-13,,,
2006-11-20,,,
2006-11-27,18.717882882882883,7.090512316185638,2.6398491460419917
2006-12-04,,,
2006-12-11,14.041607142857144,4.002501451009976,3.508207883176142
2006-12-18,8.885148809523809,1.0737660941290021,8.274752628253829
2006-12-25,,,
2007-01-01,,,
2007-01-08,126.92958333333334,6.667900691040947,19.035913882742303
2007-01-15,16.893333333333334,8.287387492772337,2.0384389348351917
2007-01-22,14.88734090909091,1.6702428886163094,8.913279026994768
2007-01-29,26.09514393939394,8.360253665772017,3.1213339908848585
2007-02-05,22.34639333333333,0.7694715619619884,29.04122054407676
2007-02-12,28.665916666666668,18.145677132833402,1.5797656079087612
2007-02-19,29.104096774193547,8.70975751637107,3.341550751497821
2007-02-26,,,
2007-03-05,30.94957777777778,10.438596834127114,2.9649174376189817
2007-03-12,37.02639285714286,38.781277519702236,0.9547491786038292
2007-03-19,28.4599375,33.17175742712759,0.8579568798102237
2007-03-26,33.36921666666667,78.49402317255888,0.42511793023156413
2007-04-02,39.00940666666667,54.178725014882104,0.7200133752861728
2007-04-09,33.35423765432099,94.31477991215989,0.35364804631241753
2007-04-16,42.137553459119495,89.59977419469223,0.470286380047771
2007-04-23,46.591463636363635,150.42883416602243,0.3097242885293019
2007-04-30,45.620987654320984,128.54559556568753,0.354901211928404
2007-05-07,,,
2007-05-14,72.44065217391304,88.53563059149496,0.8182090271447384
2007-05-21,65.32929166666666,117.45970444459685,0.5561847101146168
2007-05-28,67.89861458333334,115.90126795802534,0.5858315079686912
2007-06-04,67.57727159752083,130.46987946603852,0.5179530468954813
2007-06-11,59.55401449275362,51.34963709517401,1.1597747883275826
2007-06-18,,,
2007-06-25,86.01697916666667,22.341794941443236,3.8500478315244147
2007-07-02,90.46342857142858,100.17181383222264,0.9030826647797893
2007-07-09,74.46802083333334,100.33776410409418,0.7421734129542433
2007-07-16,89.6885119047619,98.57700637604164,0.9098319699690127
2007-07-23,,,
2007-07-30,79.13141025641026,137.63490291979548,0.5749370877423644
2007-08-06,80.91424324324325,89.9705318497555,0.899341613077984
2007-08-13,86.18659090909091,97.47784095346533,0.8841659813765805
2007-08-20,69.55797777777778,86.67371078905033,0.8025268232379082
2007-08-27,60.71641666666667,57.57853936422168,1.0544973411464273
2007-09-03,41.94616666666667,24.608024737603735,1.7045726796010723
2007-09-10,55.05569907407407,36.55296139096206,1.5061898401393798
2007-09-17,51.519425,30.888878700763872,1.6678956040811523
2007-09-24,94.28152777777778,25.60842525604103,3.681660501773211
2007-10-01,30.36040079365079,16.02877920963475,1.894118098239287
2007-10-08,26.135774691358026,26.66554072357662,0.9801329349473797
2007-10-15,28.76222619047619,24.871273375834367,1.1564436511088485
2007-10-22,18.907982269503545,10.632997951856051,1.7782362373354024
2007-10-29,15.898125,6.7029554831580525,2.3718082329423
2007-11-05,32.67727083333334,11.68558550606615,2.7963742866260413
2007-11-12,19.98663127222222,4.2413660152351405,4.712309949301597
2007-11-19,14.164708333333333,4.236433755168086,3.343545338352949
2007-11-26,33.14665625,1.8339641817678056,18.073775147587167
2007-12-03,,,
2007-12-10,6.636516666666667,1.7917548243491297,3.703920076831627
2007-12-17,6.5713125,0.6990390763176787,9.400493795877104
2007-12-24,9.584768817204301,3.1580330789951745,3.035043831856882
2007-12-31,14.301866666666667,2.6476715292080377,5.401677099630478
2008-01-07,19.150899999999996,7.52768795544554,2.5440613523500546
2008-01-14,62.00322916666667,1.771044952079216,35.00940452915922
2008-01-21,17.600791666666666,19.778997700066554,0.8898727798834539
2008-01-28,,6.888614168697598,
2008-02-04,,28.032763249598847,
2008-02-11,,15.953802151246695,
2008-02-18,,7.525501153980747,
2008-02-25,40.926744444444445,14.015893466964295,2.9200239386029505
2008-03-03,24.89440625,8.438003729116879,2.9502720132840525
2008-03-10,22.282055555555555,13.564797385982004,1.6426382880279549
2008-03-17,,,
2008-03-24,26.066875,16.77968232043323,1.5534784569942313
2008-03-31,32.37127777777778,11.487908661569179,2.8178564725249178
2008-04-07,36.31917441860465,37.17732937826043,0.9769172510772764
2008-04-14,29.577444444444442,31.630771824699007,0.9350844996247858
2008-04-21,44.437670833333335,94.85834715566668,0.4684634738618119
2008-04-28,64.59819791666666,91.56253728630142,0.7055090414836193
2008-05-05,55.96190178571429,196.9773748306871,0.28410319628747527
2008-05-12,59.48460869565217,187.7834834532736,0.3167723145920541
2008-05-19,58.73302777777778,113.70979502363907,0.5165168731996025
2008-05-26,,,
2008-06-02,86.76998958333333,135.18568667746482,0.6418578158378191
2008-06-09,92.40854022988505,106.37154583137935,0.8687336402572496
2008-06-16,81.39068817204301,114.33101323932189,0.7118863540697661
2008-06-23,86.92420833333334,133.41063150434374,0.6515538331028975
2008-06-30,103.7348125,187.14241162937162,0.5543094779896437
2008-07-07,,,
2008-07-14,64.71466666666666,73.46649711518407,0.8808731763160574
2008-07-21,,,
2008-07-28,,,
2008-08-04,,,
2008-08-11,86.42471428571427,84.22638493591899,1.026100245801453
2008-08-18,94.17904761904762,45.8224102276514,2.0553054095398835
2008-08-25,77.5078787878788,104.60769705286828,0.740938582642792
2008-09-01,76.11852777777777,36.38692554335761,2.0919197387830177
2008-09-08,76.74613541666666,100.54344555329286,0.7633131627261324
2008-09-15,50.247636666666665,44.39966549648165,1.1317120546921333
2008-09-22,52.663111111111114,38.75696319584632,1.3588038579027562
2008-09-29,,,
2008-10-06,43.890519230769236,26.508396180745095,1.655721414887031
2008-10-13,39.54896153846154,20.07165648947025,1.9703885207087537
2008-10-20,43.278638888888885,22.498095237759685,1.923657911104055
2008-10-27,27.10022463768116,2.3063869254509592,11.750077291295064
2008-11-03,23.247011904761905,3.350250634063923,6.938887397974402
2008-11-10,,,
2008-11-17,16.73309523809524,9.344550421368789,1.7906795387213692
2008-11-24,20.556773809523808,0.6895750850828705,29.81078384967081
2008-12-01,,,
2008-12-08,11.221517241379312,2.0682829906737243,5.425523147450923
2008-12-15,4.895854166666667,0.947146416620142,5.169057371443527
2008-12-22,5.182652777777777,2.4740911260878593,2.0947703676431733
2008-12-29,8.897447154471545,1.4093885350887967,6.312983916752929
2009-01-05,16.81078125,1.823724430634347,9.217829715727776
2009-01-12,19.398864583333335,5.020450879678858,3.863968605260852
2009-01-19,38.618825,4.197937333661137,9.199476297641503
2009-01-26,8.682076923076924,5.27668511082475,1.6453657439717695
2009-02-02,5.10994199047619,4.632913334699432,1.1029651584897835
2009-02-09,29.62162962962963,2.9885364462861017,9.911751173870028
2009-02-16,4.73625,1.4408404132568398,3.287144055943225
2009-02-23,22.800641025641028,,
2009-03-02,,,
2009-03-09,24.202928571428572,10.527698407876525,2.298976246633417
2009-03-16,24.26082389937107,29.649559160968234,0.8182524322759208
2009-03-23,,,
2009-03-30,37.09266987179487,52.72018683360018,0.7035762219293689
2009-04-06,44.59569444444444,91.57405234620225,0.48699050988643844
2009-04-13,50.62482170542635,107.55672717908078,0.47068019856290877
2009-04-20,58.33432962962963,98.40512357242102,0.5927976868673775
2009-04-27,59.80555855855856,69.54970823762956,0.8598966131420955
2009-05-04,76.49136363636363,83.2596418076354,0.9187087762530936
2009-05-11,53.82210416666667,113.76088018244876,0.4731161017772298
2009-05-18,77.69383870967742,72.61533019327932,1.0699371400347655
2009-05-25,73.53286666666666,159.53355566058073,0.46092413826162815
2009-06-01,57.967869791666665,85.70775593915599,0.6763433385517421
2009-06-08,101.68961904761905,120.85405938244068,0.8414249348946065
2009-06-15,87.25322916666666,96.9709775876451,0.8997870428583102
2009-06-22,79.91043421052632,121.49041281215281,0.6577509480857802
2009-06-29,102.75330460296296,146.9187125882909,0.6993888170726604
2009-07-06,,,
2009-07-13,103.8220388888889,121.63577454069014,0.853548549190665
2009-07-20,123.54071428571429,130.88479136264363,0.9438889958071519
2009-07-27,99.94431944444443,124.10110254034174,0.8053459429335479
2009-08-03,83.83823333333333,165.76897458619726,0.5057534652827256
2009-08-10,79.27874583333333,106.42517746050318,0.744924722937441
2009-08-17,70.47101481481481,138.33368541980698,0.5094277261605045
2009-08-24,63.22755208333333,106.33160843859872,0.594626123048295
2009-08-31,78.67774999999999,141.94276209471025,0.5542920881552442
2009-09-07,51.18178125,65.75794429990314,0.7783360899570485
2009-09-14,54.75746,79.13100023231026,0.6919849343398264
2009-09-21,53.66456818181818,54.683880282370865,0.9813599163905475
2009-09-28,,20.089306159562906,
2009-10-05,25.871666666666666,35.513135722399845,0.7285097792800133
2009-10-12,31.171434782608696,22.69109523775755,1.3737298467083254
2009-10-19,37.27594144144144,17.377405581881348,2.1450809366104346
2009-10-26,23.90297023809524,12.890469706366408,1.8543133634835605
2009-11-02,,,
2009-11-09,38.80609375,1.2474926962027548,31.107271303569103
2009-11-16,8.608333333333334,4.082234217448611,2.108730875004406
2009-11-23,,,
2009-11-30,,,
2009-12-07,,,
2009-12-14,12.883270833333334,0.5885467314812489,21.889970913454636
2009-12-21,5.967848484848485,0.27972535120582614,21.334671523773515
2009-12-28,13.575820512820513,0.6288009603747895,21.590012370096897
2010-01-04,9.572326086956522,0.7235542494294684,13.229590033510854
2010-01-11,8.371119047619048,1.2599663396623233,6.643922765319704
2010-01-18,7.471114035087719,2.293638930190655,3.2573191607219085
2010-01-25,12.704242424242425,1.4461242829318552,8.78502807413343
2010-02-01,9.083128205128205,0.5159329122671065,17.605250584257607
2010-02-08,13.558767543859648,1.196598751032276,11.331089500271363
2010-02-15,10.357378182291667,,
2010-02-22,,,
2010-03-01,30.970257809102563,11.261388778447138,2.75012775230491
2010-03-08,11.027868055555556,10.58434914995591,1.0419032761784406
2010-03-15,34.55334722222222,36.44282489872005,0.9481522719012875
2010-03-22,34.52182083333334,48.94585849262276,0.7053062689366568
2010-03-29,,,
2010-04-05,50.40733796296296,52.403211111261115,0.961913151771166
2010-04-12,48.0460522875817,70.82784854544835,0.6783497349457371
2010-04-19,37.596301418439715,81.83297710927062,0.4594272718226763
2010-04-26,58.420855072463766,124.77170795705217,0.46822197138291066
2010-05-03,60.58807142857143,50.046565819952455,1.210633945324902
2010-05-10,50.32728888888889,38.12866862134198,1.3199330243783782
2010-05-17,75.53732291666667,97.7399823648906,0.7728395390400705
2010-05-24,69.0697816091954,101.42943326921934,0.6809638916730093
2010-05-31,81.39527027027027,163.24252687555236,0.4986155986933589
2010-06-07,72.49878985507246,69.51376816576433,1.0429414455304735
2010-06-14,75.52515277777778,117.66777351800745,0.6418507847963969
2010-06-21,80.88025816993463,158.12581567088,0.5114930653592784
2010-06-28,79.38971621621621,179.58313025163721,0.4420778059997784
2010-07-05,61.754217948717944,186.03065362591468,0.33195721643218146
2010-07-12,103.97409999999999,119.74380570691325,0.8683046224076807
2010-07-19,71.77304086086956,146.50473557322962,0.489902531682972
2010-07-26,63.67947916666667,55.87450074013987,1.1396876629435322
2010-08-02,80.96413541666666,26.86227565770272,3.014046034236504
2010-08-09,83.41999206349206,62.042278277717436,1.3445668724491773
2010-08-16,75.34365942028985,91.53823694050759,0.823084013178636
2010-08-23,,,
2010-08-30,59.04152898550724,52.91252196370047,1.1158328273600613
2010-09-06,68.60584444444446,56.145224721716,1.2219355213998975
2010-09-13,27.452333333333335,17.76803444636497,1.5450405286078
2010-09-20,34.906437499999996,19.544668966478746,1.7859825387612536
2010-09-27,21.61479166666667,1.7362565636868117,12.449077007818053
2010-10-04,35.388329457364335,,
2010-10-11,31.384259259259256,,
2010-10-18,42.671011111111106,,
2010-10-25,31.278863636363635,,
2010-11-01,36.198055555555555,,
2010-11-08,30.9635,,
2010-11-15,15.246131944444445,3.606078766281042,4.227897650768128
2010-11-22,9.126466666666667,2.6922384982868754,3.389917599229793
2010-11-29,8.044933333333335,1.0964817161238285,7.337042848076821
2010-12-06,8.141977272727273,0.21607526035368804,37.68121005338547
2010-12-13,9.137142857142857,0.8369422182760184,10.917292326301888
2010-12-20,10.781648148148149,0.8479890788334793,12.714371466882247
2010-12-27,7.281545454545454,1.216311996949537,5.986577023664394
2011-01-03,13.597681818181819,2.0686369500983157,6.5732567609485875
2011-01-10,16.328511111111112,4.134499083553376,3.949332381294822
2011-01-17,14.732869047619047,0.9140283164695362,16.118613375705063
2011-01-24,11.386346153846155,,
2011-01-31,14.705927536231885,4.558939633557231,3.22573420976781
2011-02-07,13.731214285714286,11.27324678578647,1.2180354556796245
2011-02-14,14.0098125,5.747267991316223,2.437647334554085
2011-02-21,8.572791666666667,7.498611917587528,1.143250479006617
2011-02-28,18.036526315789473,11.853789309786965,1.5215831701089704
2011-03-07,22.537505208333336,25.122550132018223,0.8971026066183347
2011-03-14,25.51436842105263,20.4996125059695,1.244626863733294
2011-03-21,30.868272727272725,45.434078535006186,0.6794079185184585
2011-03-28,41.85159770114942,50.6043694411898,0.8270352572970507
2011-04-04,43.9993547008547,58.47333267302243,0.752468735566948
2011-04-11,42.15018468468468,67.39949904375523,0.6253783081877375
2011-04-18,50.024946428571425,165.60430863818166,0.3020751503384357
2011-04-25,49.35041666666667,128.3887477052671,0.3843827247225505
2011-05-02,52.12668484848485,130.8827900808539,0.3982699697667139
2011-05-09,64.51033333333334,72.10040814021706,0.8947291006713451
2011-05-16,63.71813768115941,98.84685830030332,0.6446146976930666
2011-05-23,51.218047008547,106.30828813282703,0.4817879010952801
2011-05-30,12.65115625,192.0229625774164,0.06588355934202157
2011-06-06,8.727916666666667,89.26872269202383,0.0977712731118366
2011-06-13,,105.99537311648484,
2011-06-20,,64.04341720432986,
2011-06-27,74.59622727272728,149.8138951977157,0.4979259578978271
2011-07-04,87.97764367816092,112.31385499746696,0.7833195973920145
2011-07-11,96.06060869565218,97.61295431787659,0.9840969302376691
2011-07-18,,,
2011-07-25,38.79416666666667,,
2011-08-01,83.81113218390804,56.60996005553234,1.4805015248499085
2011-08-08,,,
2011-08-15,74.81998387096775,,
2011-08-22,,,
2011-08-29,85.44001587301588,,
2011-09-05,,,
2011-09-12,48.83364583333333,55.764264825163245,0.8757157650412971
2011-09-19,48.92092424242424,48.00564958443547,1.0190659779820066
2011-09-26,50.71516993464053,73.37172179084331,0.691208665910982
2011-10-03,41.14270454545454,34.578911220857904,1.189820705535615
2011-10-10,40.2116,,
2011-10-17,23.815269841269842,,
2011-10-24,24.294023255813954,,
2011-10-31,23.367873333333332,,
2011-11-07,16.39707446808511,,
2011-11-14,23.012287037037037,0.38628681872955617,59.573057948809286
2011-11-21,13.812166666666668,0.2267810077085678,60.90530598760032
2011-11-28,29.34109523809524,1.0092866254726258,29.071122610344187
2011-12-05,,,
2011-12-12,,,
2011-12-19,,,
2011-12-26,16.870107142857144,0.9271339682579629,18.19597568467393
2012-01-02,,,
2012-01-09,9.080454545454545,0.6585653940342119,13.78823519685704
2012-01-16,6.735219298245614,0.8603438012183134,7.828520747994025
2012-01-23,12.316744444444446,1.651591904237629,7.4574986792090305
2012-01-30,9.257689814814816,2.4185078429758,3.8278518888009456
2012-02-06,6.15997024829932,2.273343390773958,2.7096523443394807
2012-02-13,53.81486111111112,3.3775284817240454,15.933207196417644
2012-02-20,20.125896825396826,12.681391121582136,1.5870417237699637
2012-02-27,18.856625,2.709717938086569,6.958888500887792
2012-03-05,20.156541666666666,,
2012-03-12,23.53091869918699,,
2012-03-19,42.39993693693693,,
2012-03-26,41.67697008547009,,
2012-04-02,31.09700833333333,,
2012-04-09,58.788916666666665,,
2012-04-16,57.24098245614036,,
2012-04-23,41.88028571428571,,
2012-04-30,60.47605555555556,48.574234261911755,1.245023343640773
2012-05-07,59.144190476190474,66.19390293214326,0.8934990664747539
2012-05-14,62.66721527777778,94.7218572909298,0.6615919183816358
2012-05-21,70.71467708333334,196.8545713997652,0.35922293589884946
2012-05-28,75.25976190476192,106.48511464855541,0.706763214306056
2012-06-04,,,
2012-06-11,70.11274305555555,74.72220395743881,0.9383120323309954
2012-06-18,71.08160606060606,77.61078961140099,0.9158727338880753
2012-06-25,96.1907638888889,114.74004600877656,0.8383364591080187
2012-07-02,86.91368055555556,138.94418663286703,0.6255294493551432
2012-07-09,,,
2012-07-16,98.64448717948719,84.53281981126486,1.166937142280705
2012-07-23,99.90495833333334,193.31878011269183,0.5167886858953666
2012-07-30,,,
2012-08-06,77.6643115942029,114.03653020554525,0.6810476559942397
2012-08-13,57.81823958333333,120.94504081473896,0.478053826712069
2012-08-20,71.48676666666667,93.5848939516311,0.76387078777494
2012-08-27,67.75956666666667,83.6050654801795,0.8104720243623352
2012-09-03,61.25740432098765,86.5193330336509,0.7080198398797428
2012-09-10,,,
2012-09-17,37.527166666666666,35.700187147698145,1.051175628615334
2012-09-24,55.422357142857145,61.97078466263152,0.8943304081846959
2012-10-01,53.46619047619048,39.90166146377739,1.3399489774311009
2012-10-08,35.08382258064516,26.853564180117594,1.306486630427303
2012-10-15,18.044041666666665,10.345644036302065,1.7441197090632075
2012-10-22,20.650770833333336,17.940343574119908,1.1510800084744972
2012-10-29,43.167875,6.939638652376429,6.220478783173743
2012-11-05,,,
2012-11-12,15.89247311827957,5.7008274128041005,2.7877485086787503
2012-11-19,26.55746031746032,3.5205502148996612,7.543553903893749
2012-11-26,24.80242857142857,1.122012276480022,22.105309443884853
2012-12-03,44.08222222222222,0.0814657510794453,541.1135555508878
2012-12-10,,,
2012-12-17,30.5282380952381,2.883845279007181,10.585948669807983
2012-12-24,,,
2012-12-31,,,
2013-01-07,7.658,1.7802842592371264,4.301560248182808
2013-01-14,10.513029914529914,1.1641711557093104,9.030484789948689
2013-01-21,6.3648106060606064,1.4558189396934376,4.371979531603628
2013-01-28,,,
2013-02-04,32.2860625,2.2702791885487343,14.221185950543253
2013-02-11,14.256622222222223,4.744244849118443,3.0050350847451166
2013-02-18,12.291429166666665,4.978705927343563,2.4687999946252854
2013-02-25,11.369736111111111,6.624707798496303,1.7162622800800136
2013-03-04,18.762822916666668,12.729599028201266,1.47395239041696
2013-03-11,21.10522222222222,,
2013-03-18,12.130639784946238,,
2013-03-25,14.813263333333333,,
2013-04-01,17.261443262411348,,
2013-04-08,22.028555555555556,,
2013-04-15,54.16771428571429,,
2013-04-22,50.942344444444444,57.21016649618602,0.8904421637689268
2013-04-29,47.92352564102564,80.59783347891657,0.5946006681874627
2013-05-06,46.30343229166667,71.10901864673674,0.6511611772016991
2013-05-13,58.416354166666665,38.657892199864946,1.5111106902737637
2013-05-20,,,
2013-05-27,54.486592105263156,71.64246203017414,0.7605348917561581
2013-06-03,59.4366574074074,123.46834413585046,0.481391872737923
2013-06-10,55.56751515151515,76.83611054508691,0.7231953147720629
2013-06-17,62.36330555555556,114.89625379195337,0.5427792769334234
2013-06-24,57.46716666666667,66.5069636210846,0.8640774369745539
2013-07-01,,,
2013-07-08,,,
2013-07-15,,,
2013-07-22,68.37180555555555,97.53732188320639,0.7009809602669391
2013-07-29,2.1,2.5024804479436433,0.8391673955837008
2013-08-05,,,
2013-08-12,,,
2013-08-19,82.43374074074075,118.51741011375266,0.6955411923161423
2013-08-26,60.01558333333334,106.9894006838277,0.5609488692313535
2013-09-02,74.55705555555556,,
2013-09-09,,,
2013-09-16,31.709666666666664,,
2013-09-23,39.57494551282051,,
2013-09-30,32.43776600662393,45.441329663446076,0.7138383988071882
2013-10-07,29.941911111111107,19.801445701555316,1.5121073260201048
2013-10-14,32.170233333333336,,
2013-10-21,33.404700000000005,,
2013-10-28,22.404708333333332,6.163023986081474,3.6353433612998995
2013-11-04,,,
2013-11-11,,,
2013-11-18,6.545476190476191,0.5151778008402426,12.705276080997042
2013-11-25,,,
2013-12-02,,,
2013-12-09,,,
2013-12-16,29.664659090909087,3.101769336224457,9.563786302374622
2013-12-23,36.7151,1.6742440623510815,21.929359539398508
2013-12-30,43.16180952380952,5.195569728759935,8.307425706345253
2014-01-06,,,
2014-01-13,13.899228070175438,3.1758851549192966,4.376489511481921
2014-01-20,,0.978984205934382,
2014-01-27,,,
2014-02-03,20.004277777777776,12.029239481953924,1.66297111365917
2014-02-10,,,
2014-02-17,31.754527777777778,5.915300201425898,5.368202237668895
2014-02-24,44.69116666666667,23.405885110695525,1.9093987027324442
2014-03-03,33.81889130434783,39.6655434247119,0.8526012348359365
2014-03-10,32.926496212121215,40.724797254842976,0.8085122193752753
2014-03-17,29.587439393939395,40.317612953769306,0.7338589074672204
2014-03-24,36.16259009009009,62.65034636768987,0.5772129315591449
2014-03-31,35.52904320987654,59.071086824832605,0.6014624940833264
2014-04-07,42.644875,,
2014-04-14,54.22567741935483,,
2014-04-21,48.473992424242425,31.616494132475182,1.5331868303023486
2014-04-28,53.1695,51.838216861260555,1.0256814994679018
2014-05-05,61.665697916666666,81.15472432928347,0.7598534580249386
2014-05-12,79.99384848484848,124.10813342742689,0.6445496058614519
2014-05-19,67.89269658119659,129.9832860886893,0.5223186659158048
2014-05-26,83.48025757575758,91.0932162075173,0.9164267225517999
2014-06-02,90.17626515151515,125.7066455415647,0.717354796661872
2014-06-09,90.40155913978495,110.86871892232047,0.8153928359461273
2014-06-16,72.91701666666667,49.737531227743915,1.4660361072765327
2014-06-23,70.5503717948718,98.63933513013804,0.7152356785636523
2014-06-30,95.90924137931034,,
2014-07-07,92.47322916666667,,
2014-07-14,90.16826744186046,,
2014-07-21,83.56981034482759,,
2014-07-28,95.93166666666666,,
2014-08-04,88.8068253968254,,
2014-08-11,125.43520000000001,,
2014-08-18,66.22729166666667,,
2014-08-25,68.5929761904762,,
2014-09-01,61.080976190476186,50.296249617478075,1.2144240704827898
2014-09-08,64.63236054421769,54.34862478794181,1.18921795714981
2014-09-15,51.25698062015504,59.688888769822796,0.8587357157513256
2014-09-22,45.4272380952381,29.590223428894348,1.5352110538942123
2014-09-29,54.931749999999994,47.0562247574323,1.1673641539066262
2014-10-06,44.9125,6.857082877104323,6.549796874989223
2014-10-13,41.105895833333335,40.4988730994505,1.0149886327057103
2014-10-20,30.939541666666667,16.446687232986225,1.8812020456382799
2014-10-27,31.465791666666668,23.34462015099744,1.3478819301038076
2014-11-03,20.935750000000002,11.521667964357626,1.8170763178356568
2014-11-10,48.78041666666667,10.04848928646429,4.854502530283413
2014-11-17,13.193259144193549,7.016904398636475,1.8802107588578894
2014-11-24,19.28189393939394,0.14648607611105904,131.62953402325616
2014-12-01,,,
2014-12-08,,,
2014-12-15,,,
2014-12-22,,,
2014-12-29,,,
2015-01-05,,,
2015-01-12,,,
2015-01-19,,,
2015-01-26,,,
2015-02-02,,,
2015-02-09,13.876244047619048,9.175306298213373,1.5123466832187442
2015-02-16,21.05888888888889,6.244582773907123,3.372345223268251
2015-02-23,41.229166666666664,20.344038088464576,2.026597005343021
2015-03-02,23.658666666666665,26.175556321053442,0.9038458008870512
2015-03-09,21.145234567901234,21.55534300366454,0.9809741633109905
2015-03-16,24.421,24.48802394324121,0.9972629909462454
2015-03-23,28.370833333333334,24.058527761751705,1.1792422884012603
2015-03-30,48.63014285714286,39.697196389249974,1.2250271374406665
2015-04-06,51.72371031746032,43.53521868653447,1.1880889054419421
2015-04-13,55.13698226950355,72.47046696411358,0.7608200219933267
2015-04-20,65.86479569892472,73.7393289379703,0.8932112164233329
2015-04-27,54.51836363636364,,
2015-05-04,,,
2015-05-11,64.98440000000001,,
2015-05-18,59.59136805555556,,
2015-05-25,82.15986904761905,,
2015-06-01,91.17984126984126,,
2015-06-08,70.66323106060605,,
2015-06-15,72.21968965517242,,
2015-06-22,72.78992028985508,,
2015-06-29,68.58508585858586,,
2015-07-06,87.81894444444445,145.82766235284222,0.602210465610833
2015-07-13,,,
2015-07-20,,,
2015-07-27,,,
2015-08-03,89.83877419354839,142.33195025267148,0.6311919005821546
2015-08-10,63.92943888888889,84.97962813908936,0.7522913466301967
2015-08-17,88.45299166666666,137.71401540999716,0.642294768643029
2015-08-24,126.07080555555557,110.77595860416032,1.1380700934040107
2015-08-31,,,
2015-09-07,70.12616111111112,57.91090592865076,1.2109318613925706
2015-09-14,55.99294444444445,17.369172298756297,3.2236967589096786
2015-09-21,71.6248425925926,34.40206017957596,2.081992828880501
2015-09-28,55.58304818222222,46.010917462034634,1.20804042275588
2015-10-05,37.966625,27.43810118215696,1.383719111900125
2015-10-12,21.738043478260867,8.149910823560676,2.66727378358768
2015-10-19,42.801944444444445,6.3258701293483615,6.76617501928601
2015-10-26,34.3554494949495,16.144238477112523,2.1280315911868355
2015-11-02,35.74786274509804,16.247396897744547,2.2002209320103785
2015-11-09,19.112125,9.63059050934284,1.984522650138527
2015-11-16,,,
2015-11-23,33.091462962962964,0.2771697288262684,119.39060987321919
2015-11-30,18.17190625,6.780249203227312,2.680123651111585
2015-12-07,,,
2015-12-14,13.262791666666665,1.8796934762765007,7.055826832436016
2015-12-21,13.787333333333333,4.36012616651087,3.1621409121668727
2015-12-28,14.639794117647059,5.583560001571896,2.6219462338589774
2016-01-04,,,
2016-01-11,,,
2016-01-18,20.771277777777776,1.0251907461590897,20.26089082016985
2016-01-25,33.9607619047619,6.621690304922303,5.128714926386215
2016-02-01,,,
2016-02-08,20.250051282051285,3.662955045148394,5.528337375822452
2016-02-15,8.96388888888889,6.1171940869704295,1.4653595686921062
2016-02-22,22.11504761904762,12.893735157451246,1.7151777470989396
2016-02-29,22.54472222222222,5.905690841235967,3.8174572337592885
2016-03-07,18.799205555555556,17.086544025843263,1.1002345194629122
2016-03-14,26.598125287833334,19.652821012261494,1.3533998641334304
2016-03-21,,,
2016-03-28,5.63,,
2016-04-04,,,
2016-04-11,43.280833333333334,,
2016-04-18,39.692499999999995,,
2016-04-25,,,
2016-05-02,,,
2016-05-09,,,
2016-05-16,,,
2016-05-23,,,
2016-05-30,63.764753623188405,,
2016-06-06,88.73356190476191,,
2016-06-13,,,
2016-06-20,93.84791666666666,,
2016-06-27,,,
2016-07-04,83.15358333333334,,
2016-07-11,76.0856875,,
2016-07-18,99.50148669102565,,
2016-07-25,81.34106547619048,,
2016-08-01,,,
2016-08-08,78.80680952380952,,
2016-08-15,87.26353333333334,,
2016-08-22,88.16214473684211,,
2016-08-29,85.21412345679012,,
2016-09-05,86.40461979166668,,
2016-09-12,56.430292792792784,,
2016-09-19,61.00373333333333,,
2016-09-26,53.21445,,
2016-10-03,30.385318698148147,,
2016-10-10,25.104910714285715,,
2016-10-17,,,
2016-10-24,27.340999999999998,,
2016-10-31,35.13986111111111,,
2016-11-07,,,
2016-11-14,,,
2016-11-21,,,
2016-11-28,,,
2016-12-05,,,
2016-12-12,,,
2016-12-19,,,
2016-12-26,,,
2017-01-02,,,
2017-01-09,,,
2017-01-16,26.024545454545454,,
2017-01-23,13.156233333333335,,
2017-01-30,,,
2017-02-06,18.345333333333333,,
2017-02-13,15.80634946236559,,
2017-02-20,,,
2017-02-27,,,
2017-03-06,28.289785714285717,,
2017-03-13,23.936500000000002,,
2017-03-20,29.86,,
2017-03-27,30.95916666666667,,
2017-04-03,42.534285714285716,45.15607819479345,0.9419393227817993
2017-04-10,34.843690476190474,31.619010577961728,1.1019854777010742
2017-04-17,37.04597916666667,36.24798017993519,1.0220149918083767
2017-04-24,39.931444444444445,64.80349004637011,0.6161928071446694
2017-05-01,53.70211111111111,55.536046012984386,0.9669775752230452
2017-05-08,51.47138888888889,73.58973717696131,0.6994370528204985
2017-05-15,80.17722222222223,156.67555783760608,0.5117404611721617
2017-05-22,72.75162962962963,162.58955235849268,0.44745574715169906
2017-05-29,70.38973412698412,125.56484124657847,0.5605847419402697
2017-06-05,72.82877777777777,129.26046668990924,0.5634265421034812
2017-06-12,55.65970289855073,91.10329977841516,0.6109515575607944
2017-06-19,65.90940322580644,193.80450003828037,0.34008190322096743
2017-06-26,65.12270833333334,88.32840934031441,0.7372793059413825
2017-07-03,71.63254301075268,125.94454888860655,0.5687625517965776
2017-07-10,94.97717948717948,52.48350237874016,1.8096578006892412
2017-07-17,77.82572222222223,157.24280140581155,0.4949398098127871
2017-07-24,73.94553125,41.008484506326724,1.8031763948407262
2017-07-31,81.13285897435898,52.294754607054344,1.5514530966632454
2017-08-07,58.201076388888886,73.47767468955665,0.7920919739878619
2017-08-14,58.259750000000004,65.42007030380657,0.8905485691080046
2017-08-21,78.81522666666666,99.287807742148,0.7938056893284525
2017-08-28,85.91256140350878,62.67305516036165,1.3708053833291542
2017-09-04,71.32728205128204,63.51070500300313,1.12307495323677
2017-09-11,,,
2017-09-18,60.113166666666665,53.885888736139954,1.1155641685900268
2017-09-25,25.79246527777778,25.61773575528643,1.0068206466082894
2017-10-02,,,
2017-10-09,44.36955303030303,35.02371790836012,1.2668430332381153
2017-10-16,26.735344086021506,30.958566974841254,0.863584677796883
2017-10-23,30.78047619047619,4.51748915338117,6.8136248135622335
2017-10-30,30.166844444444443,6.698845417241022,4.503290129191983
2017-11-06,18.955808333333334,4.064719257071308,4.663497558990404
2017-11-13,,,
2017-11-20,,,
2017-11-27,11.90537037037037,,
2017-12-04,33.82284444444444,1.7137480624995403,19.736182455613143
2017-12-11,,,
2017-12-18,,,
2017-12-25,40.97833333333333,,
2018-01-01,13.392708333333333,13.443669631238551,0.9962092717760037
2018-01-08,10.418650000000001,4.385812507172912,2.3755347459474154
2018-01-15,37.225944444444444,,
2018-01-22,,,
2018-01-29,47.33095238095238,,
2018-02-05,6.502416666666667,6.600699255127177,0.9851102762507824
2018-02-12,11.652327777777778,11.496554181653572,1.0135495900478417
2018-02-19,8.526666666666667,9.019342150572959,0.9453756742253099
2018-02-26,11.529583333333333,6.061321084234043,1.902156835631535
2018-03-05,20.28657777777778,27.40592855816657,0.7402258870638657
2018-03-12,27.993729166666668,19.528770591247813,1.4334609050716478
2018-03-19,20.20078571428572,13.120393538761189,1.5396478508519686
2018-03-26,,24.218730807012406,
2018-04-02,60.4385,116.33807564924544,0.5195074756283542
2018-04-09,,70.44097249021804,
2018-04-16,61.85075333333333,160.56781718673182,0.3852001877898371
2018-04-23,55.46327777777778,64.2701434693888,0.8629711213293676
2018-04-30,58.10977777777777,169.850534915944,0.34212301896214375
2018-05-07,72.18415579710145,161.5842294610845,0.44672772855277987
2018-05-14,71.58837931034483,102.28602654772735,0.6998842532703254
2018-05-21,69.41895833333334,170.3641115477123,0.4074740724597493
2018-05-28,84.69661111111111,123.24985658556773,0.6871943989022774
2018-06-04,82.48642735042735,170.21359187931043,0.4846054092373197
2018-06-11,72.91958108108108,,
2018-06-18,31.94125,,
2018-06-25,73.73025157232705,184.26201174257525,0.40013810158185237
2018-07-02,72.30951666666667,209.29226441122765,0.3454954098283795
2018-07-09,65.5776862745098,174.38024745588973,0.37606143603562653
2018-07-16,52.03609615384615,204.24450235413357,0.2547735461864344
2018-07-23,46.81953947368421,198.68879867863882,0.23564257162483823
2018-07-30,41.56163636363636,219.5435575261185,0.1893092962142234
2018-08-06,43.74019841269841,153.1734593182091,0.2855599044860027
2018-08-13,55.02143181818181,89.64278565944336,0.6137853862240571
2018-08-20,58.054875,94.66859172782998,0.6132432514355599
2018-08-27,,82.43312731876692,
2018-09-03,,59.46125116452471,
2018-09-10,,,
2018-09-17,,,
2018-09-24,,,
2018-10-01,,,
2018-10-08,,,
2018-10-15,,,
2018-10-22,,,
2018-10-29,,,
2018-11-05,,,
2018-11-12,,,
2018-11-19,,,
2018-11-26,,,
2018-12-03,,,
2018-12-10,,,
2018-12-17,,,
2018-12-24,,,
2018-12-31,,,
2019-01-07,2.6363,,
2019-01-14,9.36952380952381,6.185912084663104,1.5146551844398046
2019-01-21,14.435466666666667,2.7742595933826295,5.203358294623624
2019-01-28,13.300904761904762,8.375666296908497,1.5880413916220848
2019-02-04,,,
2019-02-11,26.196953703703702,33.89140066852975,0.7729675725096008
2019-02-18,26.04552380952381,31.271229189530032,0.8328909507095472
2019-02-25,33.6371875,67.36170089612703,0.4993518134565687
2019-03-04,,,
2019-03-11,,,
2019-03-18,,39.787103682690784,
2019-03-25,231.36,50.904716597362054,4.544961949792868
2019-04-01,,55.087344071568005,
2019-04-08,,60.941364082690484,
2019-04-15,42.951616666666666,114.8777852515919,0.37388966520027395
2019-04-22,52.780277777777776,146.99417704233184,0.359063731909448
2019-04-29,40.49,46.498833766623974,0.8707745274476754
2019-05-06,,35.81095727151768,
2019-05-13,49.633462962962966,94.9467060546754,0.5227507622474166
2019-05-20,65.29462962962963,130.3123340844682,0.5010625439899324
2019-05-27,69.6246875,153.13301970796311,0.45466802413209007
2019-06-03,64.87177083333333,125.44381038104324,0.5171380766917185
2019-06-10,85.94375694444444,106.15296367007835,0.8096218322415963
2019-06-17,91.80890370370369,169.9161626861364,0.5403188387280738
2019-06-24,75.48562424242424,194.65896638245366,0.3877839569645862
2019-07-01,67.1161388888889,146.4975288047672,0.4581383688617201
2019-07-08,68.00562318840579,60.67859088533177,1.1207515236621164
2019-07-15,61.64271212121212,106.74681259193541,0.5774665362314448
2019-07-22,82.70409333333333,177.2862386064519,0.46650035548965346
2019-07-29,73.29764444444444,157.27548017474268,0.46604622896719994
2019-08-05,84.82905555555556,,
2019-08-12,62.18333333333334,,
2019-08-19,82.44162962962963,,
2019-08-26,79.19887499999999,,
2019-09-02,49.47985416666667,,
2019-09-09,,,
2019-09-16,64.49533333333333,,
2019-09-23,,,
2019-09-30,,,
2019-10-07,,,
2019-10-14,,,
2019-10-21,51.43530555555555,,
2019-10-28,30.93931818181818,,
2019-11-04,49.42944444444444,,
2019-11-11,21.584506410256413,,
2019-11-18,13.41294696969697,,
2019-11-25,16.650296296296297,,
2019-12-02,25.88208333333333,,
2019-12-09,,,
2019-12-16,,,
2019-12-23,16.87202380952381,,
2019-12-30,22.059166666666666,,
2020-01-06,36.52527777777778,,
2020-01-13,34.60125,,
2020-01-20,8.191458333333333,,
2020-01-27,,,
2020-02-03,25.45492857142857,,
2020-02-10,47.8796875,,
2020-02-17,,,
2020-02-24,,,
2020-03-02,30.979166666666664,,
2020-03-09,,,
2020-03-16,,,
2020-03-23,,,
2020-03-30,,,
2020-04-06,,,
2020-04-13,49.51812280701754,,
2020-04-20,50.06563782051282,,
2020-04-27,59.55681818181818,,
2020-05-04,68.06331250000001,,
2020-05-11,51.3583023255814,,
2020-05-18,59.32360975609756,,
2020-05-25,64.42495555555556,,
2020-06-01,46.74657471264368,,
2020-06-08,,,
2020-06-15,79.57264583333334,,
2020-06-22,79.05955416666667,,
2020-06-29,81.66167857142857,,
2020-07-06,,,
2020-07-13,109.14791666666667,,
2020-07-20,79.18229761904762,,
2020-07-27,64.95887777777777,,
2020-08-03,60.968767543859656,,
2020-08-10,53.077623809523814,,
2020-08-17,100.08527777777778,,
2020-08-24,,,
2020-08-31,71.52865384615384,,
2020-09-07,47.073365384615386,,
2020-09-14,58.3196045751634,,
2020-09-21,58.96091228070176,,
2020-09-28,,,
2020-10-05,,,
2020-10-12,29.427869047619048,,
2020-10-19,32.428285714285714,,
2020-10-26,,,
2020-11-02,24.79227380952381,,
2020-11-09,90.38952380952381,,
2020-11-16,,,
2020-11-23,18.38336111111111,,
2020-11-30,12.143921052631578,,
2020-12-07,24.21225,,
2020-12-14,23.902854166666668,,
